{"data":[{"marker":{"color":[5.080121436634891,5.134586973566886,5.189052510498882,5.243518047430877,5.297983584362872,5.3524491212948675,5.406914658226864,5.461380195158859,5.515845732090854,5.57031126902285,5.624776805954845,5.67924234288684,5.7337078798188355,5.788173416750831,5.842638953682826,5.897104490614822,5.9515700275468175,6.006035564478813,6.060501101410808,6.114966638342803,6.169432175274799,6.223897712206794,6.278363249138789,6.332828786070785,6.387294323002781,6.441759859934775,6.496225396866771,6.550690933798767,6.605156470730762,6.659622007662757,6.7140875445947525,6.768553081526748,6.823018618458743,6.877484155390738,6.931949692322734,6.98641522925473,7.040880766186725,7.0953463031187205,7.149811840050716,7.204277376982711,7.258742913914706,7.313208450846702,7.367673987778698,7.422139524710692,7.4766050616426885,7.531070598574683,7.585536135506679,7.640001672438674,7.69446720937067,7.748932746302665],"colorscale":[[0.0,"rgb(231, 250, 90)"],[0.09090909090909091,"rgb(246, 211, 70)"],[0.18181818181818182,"rgb(251, 173, 60)"],[0.2727272727272727,"rgb(246, 139, 69)"],[0.36363636363636365,"rgb(225, 113, 97)"],[0.45454545454545453,"rgb(193, 100, 121)"],[0.5454545454545454,"rgb(158, 89, 135)"],[0.6363636363636364,"rgb(126, 77, 143)"],[0.7272727272727273,"rgb(93, 62, 153)"],[0.8181818181818182,"rgb(53, 50, 155)"],[0.9090909090909091,"rgb(13, 48, 100)"],[1.0,"rgb(3, 35, 51)"]]},"x":[5.080121436634891,5.134586973566886,5.189052510498882,5.243518047430877,5.297983584362872,5.3524491212948675,5.406914658226864,5.461380195158859,5.515845732090854,5.57031126902285,5.624776805954845,5.67924234288684,5.7337078798188355,5.788173416750831,5.842638953682826,5.897104490614822,5.9515700275468175,6.006035564478813,6.060501101410808,6.114966638342803,6.169432175274799,6.223897712206794,6.278363249138789,6.332828786070785,6.387294323002781,6.441759859934775,6.496225396866771,6.550690933798767,6.605156470730762,6.659622007662757,6.7140875445947525,6.768553081526748,6.823018618458743,6.877484155390738,6.931949692322734,6.98641522925473,7.040880766186725,7.0953463031187205,7.149811840050716,7.204277376982711,7.258742913914706,7.313208450846702,7.367673987778698,7.422139524710692,7.4766050616426885,7.531070598574683,7.585536135506679,7.640001672438674,7.69446720937067,7.748932746302665],"y":[2.1072099696478683,2.103803720955957,2.0253058652647704,1.9912260756924949,1.9493900066449128,1.9493900066449128,1.9637878273455553,1.8864907251724818,1.9637878273455553,1.8920946026904804,1.8976270912904414,1.8325089127062364,1.8260748027008264,1.7481880270062005,1.7403626894942439,1.792391689498254,1.568201724066995,1.6434526764861874,1.7323937598229686,1.6989700043360187,1.591064607026499,1.6720978579357175,1.505149978319906,1.3010299956639813,1.5185139398778875,1.4771212547196624,1.2304489213782739,1.2787536009528289,1.255272505103306,1.380211241711606,1.1760912590556813,1.2304489213782739,0.9542425094393249,1.0413926851582251,0.9542425094393249,0.9030899869919435,1.0,0.8450980400142568,0.9542425094393249,0.9542425094393249,0.6989700043360189,0.3010299956639812,0.7781512503836436,0.6989700043360189,0.3010299956639812,0.47712125471966244,0.6020599913279624,0.7781512503836436,0.47712125471966244,0.6020599913279624],"type":"bar"}],"layout":{"font":{"color":"white","family":"Montserrat Regular"},"xaxis":{"linecolor":"white","linewidth":1,"showgrid":false,"showline":true,"tickfont":{"color":"white"},"ticktext":["0.00","0.05","0.10","0.15","0.20","0.25","0.30","0.35"],"tickvals":[5,5.5,6,6.5,7,7.5,8],"title":{"text":"Transverse displacement squared (\u00b5m^2)"}},"yaxis":{"linecolor":"white","linewidth":1,"showgrid":false,"showline":true,"tickfont":{"color":"white"},"ticktext":["0","10^0","10^1","10^2","10^3"],"tickvals":[0,0.5,1,1.5,2],"title":{"text":"Occurrences"}},"template":{"data":{"histogram2dcontour":[{"type":"histogram2dcontour","colorbar":{"outlinewidth":0,"ticks":""},"colorscale":[[0.0,"#0d0887"],[0.1111111111111111,"#46039f"],[0.2222222222222222,"#7201a8"],[0.3333333333333333,"#9c179e"],[0.4444444444444444,"#bd3786"],[0.5555555555555556,"#d8576b"],[0.6666666666666666,"#ed7953"],[0.7777777777777778,"#fb9f3a"],[0.8888888888888888,"#fdca26"],[1.0,"#f0f921"]]}],"choropleth":[{"type":"choropleth","colorbar":{"outlinewidth":0,"ticks":""}}],"histogram2d":[{"type":"histogram2d","colorbar":{"outlinewidth":0,"ticks":""},"colorscale":[[0.0,"#0d0887"],[0.1111111111111111,"#46039f"],[0.2222222222222222,"#7201a8"],[0.3333333333333333,"#9c179e"],[0.4444444444444444,"#bd3786"],[0.5555555555555556,"#d8576b"],[0.6666666666666666,"#ed7953"],[0.7777777777777778,"#fb9f3a"],[0.8888888888888888,"#fdca26"],[1.0,"#f0f921"]]}],"heatmap":[{"type":"heatmap","colorbar":{"outlinewidth":0,"ticks":""},"colorscale":[[0.0,"#0d0887"],[0.1111111111111111,"#46039f"],[0.2222222222222222,"#7201a8"],[0.3333333333333333,"#9c179e"],[0.4444444444444444,"#bd3786"],[0.5555555555555556,"#d8576b"],[0.6666666666666666,"#ed7953"],[0.7777777777777778,"#fb9f3a"],[0.8888888888888888,"#fdca26"],[1.0,"#f0f921"]]}],"heatmapgl":[{"type":"heatmapgl","colorbar":{"outlinewidth":0,"ticks":""},"colorscale":[[0.0,"#0d0887"],[0.1111111111111111,"#46039f"],[0.2222222222222222,"#7201a8"],[0.3333333333333333,"#9c179e"],[0.4444444444444444,"#bd3786"],[0.5555555555555556,"#d8576b"],[0.6666666666666666,"#ed7953"],[0.7777777777777778,"#fb9f3a"],[0.8888888888888888,"#fdca26"],[1.0,"#f0f921"]]}],"contourcarpet":[{"type":"contourcarpet","colorbar":{"outlinewidth":0,"ticks":""}}],"contour":[{"type":"contour","colorbar":{"outlinewidth":0,"ticks":""},"colorscale":[[0.0,"#0d0887"],[0.1111111111111111,"#46039f"],[0.2222222222222222,"#7201a8"],[0.3333333333333333,"#9c179e"],[0.4444444444444444,"#bd3786"],[0.5555555555555556,"#d8576b"],[0.6666666666666666,"#ed7953"],[0.7777777777777778,"#fb9f3a"],[0.8888888888888888,"#fdca26"],[1.0,"#f0f921"]]}],"surface":[{"type":"surface","colorbar":{"outlinewidth":0,"ticks":""},"colorscale":[[0.0,"#0d0887"],[0.1111111111111111,"#46039f"],[0.2222222222222222,"#7201a8"],[0.3333333333333333,"#9c179e"],[0.4444444444444444,"#bd3786"],[0.5555555555555556,"#d8576b"],[0.6666666666666666,"#ed7953"],[0.7777777777777778,"#fb9f3a"],[0.8888888888888888,"#fdca26"],[1.0,"#f0f921"]]}],"mesh3d":[{"type":"mesh3d","colorbar":{"outlinewidth":0,"ticks":""}}],"scatter":[{"fillpattern":{"fillmode":"overlay","size":10,"solidity":0.2},"type":"scatter"}],"parcoords":[{"type":"parcoords","line":{"colorbar":{"outlinewidth":0,"ticks":""}}}],"scatterpolargl":[{"type":"scatterpolargl","marker":{"colorbar":{"outlinewidth":0,"ticks":""}}}],"bar":[{"error_x":{"color":"#2a3f5f"},"error_y":{"color":"#2a3f5f"},"marker":{"line":{"color":"#E5ECF6","width":0.5},"pattern":{"fillmode":"overlay","size":10,"solidity":0.2}},"type":"bar"}],"scattergeo":[{"type":"scattergeo","marker":{"colorbar":{"outlinewidth":0,"ticks":""}}}],"scatterpolar":[{"type":"scatterpolar","marker":{"colorbar":{"outlinewidth":0,"ticks":""}}}],"histogram":[{"marker":{"pattern":{"fillmode":"overlay","size":10,"solidity":0.2}},"type":"histogram"}],"scattergl":[{"type":"scattergl","marker":{"colorbar":{"outlinewidth":0,"ticks":""}}}],"scatter3d":[{"type":"scatter3d","line":{"colorbar":{"outlinewidth":0,"ticks":""}},"marker":{"colorbar":{"outlinewidth":0,"ticks":""}}}],"scattermapbox":[{"type":"scattermapbox","marker":{"colorbar":{"outlinewidth":0,"ticks":""}}}],"scatterternary":[{"type":"scatterternary","marker":{"colorbar":{"outlinewidth":0,"ticks":""}}}],"scattercarpet":[{"type":"scattercarpet","marker":{"colorbar":{"outlinewidth":0,"ticks":""}}}],"carpet":[{"aaxis":{"endlinecolor":"#2a3f5f","gridcolor":"white","linecolor":"white","minorgridcolor":"white","startlinecolor":"#2a3f5f"},"baxis":{"endlinecolor":"#2a3f5f","gridcolor":"white","linecolor":"white","minorgridcolor":"white","startlinecolor":"#2a3f5f"},"type":"carpet"}],"table":[{"cells":{"fill":{"color":"#EBF0F8"},"line":{"color":"white"}},"header":{"fill":{"color":"#C8D4E3"},"line":{"color":"white"}},"type":"table"}],