{"data":[{"marker":{"color":[3.030411906704116,3.057927493602483,3.08544308050085,3.112958667399217,3.140474254297584,3.167989841195951,3.195505428094318,3.223021014992685,3.250536601891052,3.278052188789419,3.305567775687786,3.333083362586153,3.36059894948452,3.3881145363828873,3.415630123281254,3.4431457101796212,3.470661297077988,3.498176883976355,3.525692470874722,3.553208057773089,3.580723644671456,3.608239231569823,3.63575481846819,3.663270405366557,3.690785992264924,3.718301579163291,3.745817166061658,3.773332752960025,3.800848339858392,3.828363926756759,3.855879513655126,3.883395100553493,3.9109106874518598,3.9384262743502267,3.9659418612485937,3.9934574481469607,4.020973035045328,4.048488621943695,4.076004208842062,4.103519795740429,4.131035382638796,4.1585509695371625,4.18606655643553,4.2135821433338965,4.241097730232264,4.268613317130631,4.296128904028998,4.323644490927364,4.351160077825732,4.378675664724099],"colorscale":[[0.0,"rgb(231, 250, 90)"],[0.09090909090909091,"rgb(246, 211, 70)"],[0.18181818181818182,"rgb(251, 173, 60)"],[0.2727272727272727,"rgb(246, 139, 69)"],[0.36363636363636365,"rgb(225, 113, 97)"],[0.45454545454545453,"rgb(193, 100, 121)"],[0.5454545454545454,"rgb(158, 89, 135)"],[0.6363636363636364,"rgb(126, 77, 143)"],[0.7272727272727273,"rgb(93, 62, 153)"],[0.8181818181818182,"rgb(53, 50, 155)"],[0.9090909090909091,"rgb(13, 48, 100)"],[1.0,"rgb(3, 35, 51)"]]},"x":[3.030411906704116,3.057927493602483,3.08544308050085,3.112958667399217,3.140474254297584,3.167989841195951,3.195505428094318,3.223021014992685,3.250536601891052,3.278052188789419,3.305567775687786,3.333083362586153,3.36059894948452,3.3881145363828873,3.415630123281254,3.4431457101796212,3.470661297077988,3.498176883976355,3.525692470874722,3.553208057773089,3.580723644671456,3.608239231569823,3.63575481846819,3.663270405366557,3.690785992264924,3.718301579163291,3.745817166061658,3.773332752960025,3.800848339858392,3.828363926756759,3.855879513655126,3.883395100553493,3.9109106874518598,3.9384262743502267,3.9659418612485937,3.9934574481469607,4.020973035045328,4.048488621943695,4.076004208842062,4.103519795740429,4.131035382638796,4.1585509695371625,4.18606655643553,4.2135821433338965,4.241097730232264,4.268613317130631,4.296128904028998,4.323644490927364,4.351160077825732,4.378675664724099],"y":[2.0969100130080562,2.0492180226701815,1.99563519459755,1.9822712330395684,1.9138138523837167,1.968482948553935,1.919078092376074,1.9444826721501687,1.9395192526186185,1.7634279935629373,1.8920946026904804,1.8129133566428555,1.8260748027008264,1.7160033436347992,1.6901960800285136,1.7481880270062005,1.7708520116421442,1.6232492903979006,1.6020599913279623,1.4913616938342726,1.5440680443502757,1.5440680443502757,1.5185139398778875,1.505149978319906,1.3979400086720377,1.4771212547196624,1.462397997898956,1.2304489213782739,1.2787536009528289,1.1139433523068367,1.255272505103306,1.146128035678238,1.2304489213782739,0.9542425094393249,0.9030899869919435,0.9542425094393249,0.7781512503836436,1.1139433523068367,0.6989700043360189,0.9542425094393249,0.6989700043360189,1.0,0.3010299956639812,0.6020599913279624,0.9542425094393249,0.6020599913279624,0.47712125471966244,0.6020599913279624,0.3010299956639812,0.0],"type":"bar"}],"layout":{"font":{"color":"white","family":"Montserrat Regular"},"xaxis":{"linecolor":"white","linewidth":1,"showgrid":false,"showline":true,"tickfont":{"color":"white"},"ticktext":["0.000","0.025","0.050","0.075","0.100","0.125","0.150","0.175"],"tickvals":[3,3.2,3.4,3.6,3.8,4.0,4.2,4.4],"title":{"text":"y-displacement (\u00b5m^2)"}},"yaxis":{"linecolor":"white","linewidth":1,"showgrid":false,"showline":true,"tickfont":{"color":"white"},"ticktext":["0","10^0","10^1","10^2","10^3"],"tickvals":[0,0.5,1,1.5,2],"title":{"text":"Occurrences"}},"template":{"data":{"histogram2dcontour":[{"type":"histogram2dcontour","colorbar":{"outlinewidth":0,"ticks":""},"colorscale":[[0.0,"#0d0887"],[0.1111111111111111,"#46039f"],[0.2222222222222222,"#7201a8"],[0.3333333333333333,"#9c179e"],[0.4444444444444444,"#bd3786"],[0.5555555555555556,"#d8576b"],[0.6666666666666666,"#ed7953"],[0.7777777777777778,"#fb9f3a"],[0.8888888888888888,"#fdca26"],[1.0,"#f0f921"]]}],"choropleth":[{"type":"choropleth","colorbar":{"outlinewidth":0,"ticks":""}}],"histogram2d":[{"type":"histogram2d","colorbar":{"outlinewidth":0,"ticks":""},"colorscale":[[0.0,"#0d0887"],[0.1111111111111111,"#46039f"],[0.2222222222222222,"#7201a8"],[0.3333333333333333,"#9c179e"],[0.4444444444444444,"#bd3786"],[0.5555555555555556,"#d8576b"],[0.6666666666666666,"#ed7953"],[0.7777777777777778,"#fb9f3a"],[0.8888888888888888,"#fdca26"],[1.0,"#f0f921"]]}],"heatmap":[{"type":"heatmap","colorbar":{"outlinewidth":0,"ticks":""},"colorscale":[[0.0,"#0d0887"],[0.1111111111111111,"#46039f"],[0.2222222222222222,"#7201a8"],[0.3333333333333333,"#9c179e"],[0.4444444444444444,"#bd3786"],[0.5555555555555556,"#d8576b"],[0.6666666666666666,"#ed7953"],[0.7777777777777778,"#fb9f3a"],[0.8888888888888888,"#fdca26"],[1.0,"#f0f921"]]}],"heatmapgl":[{"type":"heatmapgl","colorbar":{"outlinewidth":0,"ticks":""},"colorscale":[[0.0,"#0d0887"],[0.1111111111111111,"#46039f"],[0.2222222222222222,"#7201a8"],[0.3333333333333333,"#9c179e"],[0.4444444444444444,"#bd3786"],[0.5555555555555556,"#d8576b"],[0.6666666666666666,"#ed7953"],[0.7777777777777778,"#fb9f3a"],[0.8888888888888888,"#fdca26"],[1.0,"#f0f921"]]}],"contourcarpet":[{"type":"contourcarpet","colorbar":{"outlinewidth":0,"ticks":""}}],"contour":[{"type":"contour","colorbar":{"outlinewidth":0,"ticks":""},"colorscale":[[0.0,"#0d0887"],[0.1111111111111111,"#46039f"],[0.2222222222222222,"#7201a8"],[0.3333333333333333,"#9c179e"],[0.4444444444444444,"#bd3786"],[0.5555555555555556,"#d8576b"],[0.6666666666666666,"#ed7953"],[0.7777777777777778,"#fb9f3a"],[0.8888888888888888,"#fdca26"],[1.0,"#f0f921"]]}],"surface":[{"type":"surface","colorbar":{"outlinewidth":0,"ticks":""},"colorscale":[[0.0,"#0d0887"],[0.1111111111111111,"#46039f"],[0.2222222222222222,"#7201a8"],[0.3333333333333333,"#9c179e"],[0.4444444444444444,"#bd3786"],[0.5555555555555556,"#d8576b"],[0.6666666666666666,"#ed7953"],[0.7777777777777778,"#fb9f3a"],[0.8888888888888888,"#fdca26"],[1.0,"#f0f921"]]}],"mesh3d":[{"type":"mesh3d","colorbar":{"outlinewidth":0,"ticks":""}}],"scatter":[{"fillpattern":{"fillmode":"overlay","size":10,"solidity":0.2},"type":"scatter"}],"parcoords":[{"type":"parcoords","line":{"colorbar":{"outlinewidth":0,"ticks":""}}}],"scatterpolargl":[{"type":"scatterpolargl","marker":{"colorbar":{"outlinewidth":0,"ticks":""}}}],"bar":[{"error_x":{"color":"#2a3f5f"},"error_y":{"color":"#2a3f5f"},"marker":{"line":{"color":"#E5ECF6","width":0.5},"pattern":{"fillmode":"overlay","size":10,"solidity":0.2}},"type":"bar"}],"scattergeo":[{"type":"scattergeo","marker":{"colorbar":{"outlinewidth":0,"ticks":""}}}],"scatterpolar":[{"type":"scatterpolar","marker":{"colorbar":{"outlinewidth":0,"ticks":""}}}],"histogram":[{"marker":{"pattern":{"fillmode":"overlay","size":10,"solidity":0.2}},"type":"histogram"}],"scattergl":[{"type":"scattergl","marker":{"colorbar":{"outlinewidth":0,"ticks":""}}}],"scatter3d":[{"type":"scatter3d","line":{"colorbar":{"outlinewidth":0,"ticks":""}},"marker":{"colorbar":{"outlinewidth":0,"ticks":""}}}],"scattermapbox":[{"type":"scattermapbox","marker":{"colorbar":{"outlinewidth":0,"ticks":""}}}],"scatterternary":[{"type":"scatterternary","marker":{"colorbar":{"outlinewidth":0,"ticks":""}}}],"scattercarpet":[{"type":"scattercarpet","marker":{"colorbar":{"outlinewidth":0,"ticks":""}}}],"carpet":[{"aaxis":{"endlinecolor":"#2a3f5f","gridcolor":"white","linecolor":"white","minorgridcolor":"white","startlinecolor":"#2a3f5f"},"baxis":{"endlinecolor":"#2a3f5f","gridcolor":"white","linecolor":"white","minorgridcolor":"white","startlinecolor":"#2a3f5f"},"type":"carpet"}],"table":[{"cells":{"fill":{"color":"#EBF0F8"},"line":{"color":"white"}},"header":{"fill":{"color":"#C8D4E3"},"line":{"color":"white"}},"type":"table"}],